Workbook

Sheet Read Me
B1: PDPL Compliance Assessment Toolkit
B2: Kingdom of Saudi Arabia — Personal Data Protection Law (Royal Decree M/19, amended M/148) | Overseen by SDAIA
B4: Purpose
B5: A control-based methodology to assess a Saudi enterprise's compliance against the PDPL and its Implementing Regulations. Built for security/IT consultants: PDPL obligations are expressed as controls, scored on a maturity scale, evidenced, and tracked to remediation — the same way you would run an ISO 27001 or NCA ECC gap assessment.
B7: How to use
B8: 1. Complete the 'Client Profile' tab to scope the engagement and flag which special regimes apply (health, credit, cross-border).
B9: 2. Work through the 'Assessment' tab. For each control, ask the assessment question, request the listed evidence, and record a Maturity Score (0-5). Compliance Status is calculated automatically.
B10: 3. Capture findings, assign a Risk Rating, and write the remediation action, priority and owner.
B11: 4. The 'Dashboard' tab summarises maturity and compliance by domain automatically.
B12: 5. Use the 'Remediation Plan' tab as the client-facing action log.
B14: Maturity scale (0-5)
B15: 0 Absent — control does not exist.
... B24: The PDPL has extraterritorial reach (Art. 2) and delegates much detail to the Implementing Regulations, which were under a third public consultation in 2025. Verify control wording against the current Regulations before client delivery. This toolkit is a working aid, not legal advice.

Sheet Assessment
A1: PDPL Compliance Assessment — Control Matrix
A2: Control ID | B2: Domain | C2: PDPL Ref. | D2: Control Requirement | E2: Assessment Question | F2: Evidence to Request | G2: Maturity (0-5) | H2: Compliance Status | I2: Findings / Gap | J2: Risk Rating | K2: Remediation Action | L2: Priority | M2: Owner | N2: Target Date
A3: G-01 | B3: Governance & Accountability | C3: Art. 30(2) | D3: Determine and appoint a Data Protection Officer where required by the Regulations. | E3: Has the entity assessed whether a DPO is required, and appointed one with defined responsibilities? | F3: DPO appointment letter; role mandate; org chart | H3: =IF(G3="","Not Assessed",IF(G3>=3,"Compliant",IF(G3>=1,"Partial","Non-Compliant"))) -> Not Assessed
A4: G-02 | B4: Governance & Accountability | C4: Art. 31 | D4: Maintain Records of Processing Activities (ROPA) with the minimum required fields. | E4: Is a ROPA maintained covering contact details, purposes, data subject categories, recipients, transfers and retention periods? | F4: ROPA register | H4: =IF(G4="","Not Assessed",IF(G4>=3,"Compliant",IF(G4>=1,"Partial","Non-Compliant"))) -> Not Assessed
A5: G-03 | B5: Governance & Accountability | C5: Art. 22 | D5: Conduct data protection impact assessments for relevant products/services. | E5: Are impact assessments performed based on the nature of processing activities? | F5: DPIA procedure; completed DPIAs | H5: =IF(G5="","Not Assessed",IF(G5>=3,"Compliant",IF(G5>=1,"Partial","Non-Compliant"))) -> Not Assessed
A6: G-04 | B6: Governance & Accountability | C6: Art. 41 | D6: Bind staff and contractors to confidentiality, including after the relationship ends. | E6: Are all persons processing personal data under enforceable confidentiality obligations? | F6: NDAs; employment/contract clauses | H6: =IF(G6="","Not Assessed",IF(G6>=3,"Compliant",IF(G6>=1,"Partial","Non-Compliant"))) -> Not Assessed
A7: G-05 | B7: Governance & Accountability | C7: Art. 30(3) | D7: Cooperate with the Competent Authority and act on its requests. | E7: Is there a defined process to respond to SDAIA information requests and directions? | F7: SDAIA liaison procedure | H7: =IF(G7="","Not Assessed",IF(G7>=3,"Compliant",IF(G7>=1,"Partial","Non-Compliant"))) -> Not Assessed
A8: G-06 | B8: Governance & Accountability | C8: Art. 30(4)/33 | D8: Register in the SDAIA national register where applicable. | E8: Has the entity registered, or assessed its obligation to register, with SDAIA? | F8: Registration confirmation | H8: =IF(G8="","Not Assessed",IF(G8>=3,"Compliant",IF(G8>=1,"Partial","Non-Compliant"))) -> Not Assessed
A9: G-07 | B9: Governance & Accountability | C9: General | D9: Establish an overarching data protection governance framework with clear ownership. | E9: Is there an approved data protection policy and an accountable owner? | F9: Governance policy; RACI | H9: =IF(G9="","Not Assessed",IF(G9>=3,"Compliant",IF(G9>=1,"Partial","Non-Compliant"))) -> Not Assessed
A10: C-01 | B10: Lawful Basis & Consent | C10: Art. 5(1) | D10: Obtain consent before processing, or before changing the purpose, unless an exception applies. | E10: Is valid consent captured before processing, with purpose-change controls? | F10: Consent records; configuration | H10: =IF(G10="","Not Assessed",IF(G10>=3,"Compliant",IF(G10>=1,"Partial","Non-Compliant"))) -> Not Assessed
A11: C-02 | B11: Lawful Basis & Consent | C11: Art. 5(1) | D11: Handle explicit-consent cases and legal-guardian consent for those lacking capacity. | E11: Are explicit-consent scenarios and guardian consent mechanisms in place? | F11: Consent flows; capacity controls | H11: =IF(G11="","Not Assessed",IF(G11>=3,"Compliant",IF(G11>=1,"Partial","Non-Compliant"))) -> Not Assessed
A12: C-03 | B12: Lawful Basis & Consent | C12: Art. 5(2) | D12: Allow data subjects to withdraw consent at any time. | E12: Can a data subject easily withdraw consent, with downstream effect? | F12: Withdrawal mechanism; logs | H12: =IF(G12="","Not Assessed",IF(G12>=3,"Compliant",IF(G12>=1,"Partial","Non-Compliant"))) -> Not Assessed
A13: C-04 | B13: Lawful Basis & Consent | C13: Art. 6 | D13: Document and validate any reliance on non-consent legal bases. | E13: Where processing relies on Art. 6 bases (legitimate interest, legal obligation, etc.), is each documented and justified? | F13: Legal basis register; LIA | H13: =IF(G13="","Not Assessed",IF(G13>=3,"Compliant",IF(G13>=1,"Partial","Non-Compliant"))) -> Not Assessed
A14: C-05 | B14: Lawful Basis & Consent | C14: Art. 7 | D14: Do not condition a service on consent unless directly related to that processing. | E14: Is consent free of improper bundling with unrelated services? | F14: Policy/UX review | H14: =IF(G14="","Not Assessed",IF(G14>=3,"Compliant",IF(G14>=1,"Partial","Non-Compliant"))) -> Not Assessed
... A49: M-02 | B49: Marketing | C49: Art. 26 | D49: Process marketing data only if collected directly with consent (excluding Sensitive Data). | E49: Is marketing data collected directly with consent and free of Sensitive Data? | F49: Marketing data procedure | H49: =IF(G49="","Not Assessed",IF(G49>=3,"Compliant",IF(G49>=1,"Partial","Non-Compliant"))) -> Not Assessed

Sheet Dashboard
B1: PDPL Compliance Dashboard
B3: Overall maturity | C3: =IFERROR(ROUND(AVERAGE(Assessment!G3:G49),1),"-") -> -
B4: Controls assessed | C4: =COUNT(Assessment!G3:G49)&" / "&47 -> 0 / 47
B5: Controls compliant | C5: =COUNTIF(Assessment!H3:H49,"Compliant") -> 0
B6: Overall compliance | C6: =IFERROR(COUNTIF(Assessment!H3:H49,"Compliant")/47,"-") -> 0
B8: Domain | C8: Avg Maturity | D8: Compliant | E8: Gaps | F8: Compliance %
B9: Governance & Accountability | C9: =IFERROR(ROUND(AVERAGEIF(Assessment!B3:B49,B9,Assessment!G3:G49),1),"-") -> - | D9: =COUNTIFS(Assessment!B3:B49,B9,Assessment!H3:H49,"Compliant") -> 0 | E9: =COUNTIFS(Assessment!B3:B49,B9,Assessment!H3:H49,"Partial")+COUNTIFS(Assessment!B3:B49,B9,Assessment!H3:H49,"Non-Compliant") -> 0 | F9: =IFERROR(COUNTIFS(Assessment!B3:B49,B9,Assessment!H3:H49,"Compliant")/COUNTIF(Assessment!B3:B49,B9),"-") -> 0
B10: Lawful Basis & Consent | C10: =IFERROR(ROUND(AVERAGEIF(Assessment!B3:B49,B10,Assessment!G3:G49),1),"-") -> - | D10: =COUNTIFS(Assessment!B3:B49,B10,Assessment!H3:H49,"Compliant") -> 0 | E10: =COUNTIFS(Assessment!B3:B49,B10,Assessment!H3:H49,"Partial")+COUNTIFS(Assessment!B3:B49,B10,Assessment!H3:H49,"Non-Compliant") -> 0 | F10: =IFERROR(COUNTIFS(Assessment!B3:B49,B10,Assessment!H3:H49,"Compliant")/COUNTIF(Assessment!B3:B49,B10),"-") -> 0
B11: Collection & Purpose Limitation | C11: =IFERROR(ROUND(AVERAGEIF(Assessment!B3:B49,B11,Assessment!G3:G49),1),"-") -> - | D11: =COUNTIFS(Assessment!B3:B49,B11,Assessment!H3:H49,"Compliant") -> 0 | E11: =COUNTIFS(Assessment!B3:B49,B11,Assessment!H3:H49,"Partial")+COUNTIFS(Assessment!B3:B49,B11,Assessment!H3:H49,"Non-Compliant") -> 0 | F11: =IFERROR(COUNTIFS(Assessment!B3:B49,B11,Assessment!H3:H49,"Compliant")/COUNTIF(Assessment!B3:B49,B11),"-") -> 0
B12: Transparency & Notice | C12: =IFERROR(ROUND(AVERAGEIF(Assessment!B3:B49,B12,Assessment!G3:G49),1),"-") -> - | D12: =COUNTIFS(Assessment!B3:B49,B12,Assessment!H3:H49,"Compliant") -> 0 | E12: =COUNTIFS(Assessment!B3:B49,B12,Assessment!H3:H49,"Partial")+COUNTIFS(Assessment!B3:B49,B12,Assessment!H3:H49,"Non-Compliant") -> 0 | F12: =IFERROR(COUNTIFS(Assessment!B3:B49,B12,Assessment!H3:H49,"Compliant")/COUNTIF(Assessment!B3:B49,B12),"-") -> 0
B13: Data Subject Rights | C13: =IFERROR(ROUND(AVERAGEIF(Assessment!B3:B49,B13,Assessment!G3:G49),1),"-") -> - | D13: =COUNTIFS(Assessment!B3:B49,B13,Assessment!H3:H49,"Compliant") -> 0 | E13: =COUNTIFS(Assessment!B3:B49,B13,Assessment!H3:H49,"Partial")+COUNTIFS(Assessment!B3:B49,B13,Assessment!H3:H49,"Non-Compliant") -> 0 | F13: =IFERROR(COUNTIFS(Assessment!B3:B49,B13,Assessment!H3:H49,"Compliant")/COUNTIF(Assessment!B3:B49,B13),"-") -> 0
B14: Disclosure Controls | C14: =IFERROR(ROUND(AVERAGEIF(Assessment!B3:B49,B14,Assessment!G3:G49),1),"-") -> - | D14: =COUNTIFS(Assessment!B3:B49,B14,Assessment!H3:H49,"Compliant") -> 0 | E14: =COUNTIFS(Assessment!B3:B49,B14,Assessment!H3:H49,"Partial")+COUNTIFS(Assessment!B3:B49,B14,Assessment!H3:H49,"Non-Compliant") -> 0 | F14: =IFERROR(COUNTIFS(Assessment!B3:B49,B14,Assessment!H3:H49,"Compliant")/COUNTIF(Assessment!B3:B49,B14),"-") -> 0
B15: Retention & Destruction | C15: =IFERROR(ROUND(AVERAGEIF(Assessment!B3:B49,B15,Assessment!G3:G49),1),"-") -> - | D15: =COUNTIFS(Assessment!B3:B49,B15,Assessment!H3:H49,"Compliant") -> 0 | E15: =COUNTIFS(Assessment!B3:B49,B15,Assessment!H3:H49,"Partial")+COUNTIFS(Assessment!B3:B49,B15,Assessment!H3:H49,"Non-Compliant") -> 0 | F15: =IFERROR(COUNTIFS(Assessment!B3:B49,B15,Assessment!H3:H49,"Compliant")/COUNTIF(Assessment!B3:B49,B15),"-") -> 0
B16: Security | C16: =IFERROR(ROUND(AVERAGEIF(Assessment!B3:B49,B16,Assessment!G3:G49),1),"-") -> - | D16: =COUNTIFS(Assessment!B3:B49,B16,Assessment!H3:H49,"Compliant") -> 0 | E16: =COUNTIFS(Assessment!B3:B49,B16,Assessment!H3:H49,"Partial")+COUNTIFS(Assessment!B3:B49,B16,Assessment!H3:H49,"Non-Compliant") -> 0 | F16: =IFERROR(COUNTIFS(Assessment!B3:B49,B16,Assessment!H3:H49,"Compliant")/COUNTIF(Assessment!B3:B49,B16),"-") -> 0
B17: Breach Management | C17: =IFERROR(ROUND(AVERAGEIF(Assessment!B3:B49,B17,Assessment!G3:G49),1),"-") -> - | D17: =COUNTIFS(Assessment!B3:B49,B17,Assessment!H3:H49,"Compliant") -> 0 | E17: =COUNTIFS(Assessment!B3:B49,B17,Assessment!H3:H49,"Partial")+COUNTIFS(Assessment!B3:B49,B17,Assessment!H3:H49,"Non-Compliant") -> 0 | F17: =IFERROR(COUNTIFS(Assessment!B3:B49,B17,Assessment!H3:H49,"Compliant")/COUNTIF(Assessment!B3:B49,B17),"-") -> 0
B18: Cross-Border Transfers | C18: =IFERROR(ROUND(AVERAGEIF(Assessment!B3:B49,B18,Assessment!G3:G49),1),"-") -> - | D18: =COUNTIFS(Assessment!B3:B49,B18,Assessment!H3:H49,"Compliant") -> 0 | E18: =COUNTIFS(Assessment!B3:B49,B18,Assessment!H3:H49,"Partial")+COUNTIFS(Assessment!B3:B49,B18,Assessment!H3:H49,"Non-Compliant") -> 0 | F18: =IFERROR(COUNTIFS(Assessment!B3:B49,B18,Assessment!H3:H49,"Compliant")/COUNTIF(Assessment!B3:B49,B18),"-") -> 0
B19: Processor / Vendor Mgmt | C19: =IFERROR(ROUND(AVERAGEIF(Assessment!B3:B49,B19,Assessment!G3:G49),1),"-") -> - | D19: =COUNTIFS(Assessment!B3:B49,B19,Assessment!H3:H49,"Compliant") -> 0 | E19: =COUNTIFS(Assessment!B3:B49,B19,Assessment!H3:H49,"Partial")+COUNTIFS(Assessment!B3:B49,B19,Assessment!H3:H49,"Non-Compliant") -> 0 | F19: =IFERROR(COUNTIFS(Assessment!B3:B49,B19,Assessment!H3:H49,"Compliant")/COUNTIF(Assessment!B3:B49,B19),"-") -> 0
B20: Special Categories | C20: =IFERROR(ROUND(AVERAGEIF(Assessment!B3:B49,B20,Assessment!G3:G49),1),"-") -> - | D20: =COUNTIFS(Assessment!B3:B49,B20,Assessment!H3:H49,"Compliant") -> 0 | E20: =COUNTIFS(Assessment!B3:B49,B20,Assessment!H3:H49,"Partial")+COUNTIFS(Assessment!B3:B49,B20,Assessment!H3:H49,"Non-Compliant") -> 0 | F20: =IFERROR(COUNTIFS(Assessment!B3:B49,B20,Assessment!H3:H49,"Compliant")/COUNTIF(Assessment!B3:B49,B20),"-") -> 0
B21: Marketing | C21: =IFERROR(ROUND(AVERAGEIF(Assessment!B3:B49,B21,Assessment!G3:G49),1),"-") -> - | D21: =COUNTIFS(Assessment!B3:B49,B21,Assessment!H3:H49,"Compliant") -> 0 | E21: =COUNTIFS(Assessment!B3:B49,B21,Assessment!H3:H49,"Partial")+COUNTIFS(Assessment!B3:B49,B21,Assessment!H3:H49,"Non-Compliant") -> 0 | F21: =IFERROR(COUNTIFS(Assessment!B3:B49,B21,Assessment!H3:H49,"Compliant")/COUNTIF(Assessment!B3:B49,B21),"-") -> 0

Sheet Remediation Plan
A1: PDPL Remediation Plan (client-facing action log)
A2: Control ID | B2: Domain | C2: PDPL Ref. | D2: Gap / Finding | E2: Remediation Action | F2: Risk | G2: Priority | H2: Owner | I2: Target Date | J2: Status
A3: Populate from the Assessment tab: list each control scored below 3, copy its gap, action, risk and priority here, then track Status to closure.
