Workbook

Sheet IA Criticality Assessment Templ
A4: Infrastructure Assets Criticality Assessment
A7: Name of Infrastructure Assets
A8: Purpose / Description
A9: Make / Model
A10: Location
A11: Associated IPs (Internal & External) and URLs (Includes all inlcuding managemet URLs)
A12: Fault Tolrence / High Availbility | B12: Please Select One:
A13: Asset Cutodian Name
A14: Designation
A15: Contact # (Ext/Cell)
A16: E-Mail
A17: Assets Administrator Name
A18: Designation
A19: Contact # (Ext/Cell)
A20: E-Mail
A21: Name of Assessors (IT/IS)
A22: Designation
A23: Contact # (Ext/Cell)
A24: E-Mail
A25: Date of Assessment | B25: dd/mm/YYYY
A26: Business Impact Measures how much the failure, unavailability, or compromise of the infrastructure component would affect business operations, service delivery, financial performance, and regulatory compliance. | B26: Service Dependency Assesses how many business services, applications, or other systems depend on the component’s functioning.
A27: 4: Mission-Critical - Outage or compromise causes complete halt of critical business operations, major financial/reputational damage, or regulatory violation. Continuous availability essential. | B27: 4: Mission-Critical - Core dependency for mission-critical applications or enterprise-wide functions. Its failure halts multiple essential services simultaneously.
A28: Data Sensitivity Evaluates the level of sensitivity, confidentiality, and regulatory importance of data processed, stored, or transmitted by the component. | B28: Redundancy / Failover Capability Measures the level of redundancy, backup systems, and failover mechanisms available to ensure continuity.
A29: 3: High - Processes confidential or restricted data. Compromise could lead to compliance concerns or reputational damage. | B29: 2: Moderate - Partial redundancy exists; manual intervention required during failover. Short downtime possible.
A30: Recovery Time Objective (RTO) Indicates the maximum tolerable downtime for restoring functionality after a disruption. | B30: Availability Requirement Reflects the expected uptime and service availability demanded by business operations.
A31: 2: Moderate - RTO between 8 and 48 hours; short-term disruption acceptable. | B31: 3: High - Availability requirement between 98%–99.9%. Limited maintenance windows allowed.
A32: Potential Operational Disruption Estimates the extent of operational disruption (internal or customer-facing) if the component fails or is compromised. | B32: Regulatory / Compliance Dependency Determines how much the component contributes to compliance with legal, regulatory, or contractual obligations.
A33: 4: Mission-Critical - Complete service outage or severe operational breakdown. Business operations severely impacted until recovery. | B33: 3: High - Directly supports regulated processes or data handling. Non-compliance possible if unavailable.
A34: Exposure Measures how accessible an infrastructure component is to internal or external networks and users, reflecting its potential exposure to cyber threats.
A35: 2: Moderate – Screened - Limited external access through controlled, secured network zones.
A36: Total Score | B36: Criticality Level
A37: =Calculation!D11 -> 3.07 | B37: =IF(A37>=3.5,"Mission-Critical",IF(A37>=2.5,"High",IF(A37>=1.5,"Moderate","Low"))) -> High
A38: Comments/Notes
A39: Space for additional comments or justification for scores

Sheet Selection
A1: Business Impact
A2: Score (1-4): Please select from the drop down list.
A3: 1: Low - Minimal or no impact on business operations. Temporary loss tolerated without disrupting core services or compliance obligations.
A4: 2: Moderate - Limited impact; some inconvenience or degradation in performance. Operations can continue using workarounds or alternate systems.
A5: 3: High - Significant disruption to key processes or customer-facing services. Financial, reputational, or compliance impact if not restored promptly.
A6: 4: Mission-Critical - Outage or compromise causes complete halt of critical business operations, major financial/reputational damage, or regulatory violation. Continuous availability essential.
A8: Service Dependency
A9: Score (1-4): Please select from the drop down list.
A10: 1: Low - Supports only non-essential or isolated services. Dependencies are minimal and easily rerouted.
A11: 2: Moderate - Supports a few important services or systems, but alternatives exist. Failure causes limited service degradation.
A12: 3: High - Supports several critical services or shared infrastructure functions. Failure disrupts multiple business processes.
A13: 4: Mission-Critical - Core dependency for mission-critical applications or enterprise-wide functions. Its failure halts multiple essential services simultaneously.
... A62: 4: Mission-Critical – Publicly Exposed - Publicly or widely accessible over the internet; high exposure risk.

Sheet Calculation
A1: Evaluation Criteria | B1: Rating(1-4) | C1: Weight (%) | D1: Weighted Score
A2: Business Impact | B2: =IF('IA Criticality Assessment Templ'!A27="Score (1-4): Please select from the drop down list.",0,IF('IA Criticality Assessment Templ'!A27="1: Low - Minimal or no impact on business operations. Temporary loss tolerated without disrupting core services or compliance obligations.",1,IF('IA Criticality Assessment Templ'!A27="2: Moderate - Limited impact; some inconvenience or degradation in performance. Operations can continue using workarounds or alternate systems.",2,IF('IA Criticality Assessment Templ'!A27="3: High - Significant disruption to key processes or customer-facing services. Financial, reputational, or compliance impact if not restored promptly.",3,IF('IA Criticality Assessment Templ'!A27="4: Mission-Critical - Outage or compromise causes complete halt of critical business operations, major financial/reputational damage, or regulatory violation. Continuous availability essential.",4))))) -> 4 | C2: 15 | D2: =B2*C2/100 -> 0.6
A3: Service Dependency | B3: =IF('IA Criticality Assessment Templ'!B27="Score (1-4): Please select from the drop down list.",0,IF('IA Criticality Assessment Templ'!B27="1: Low - Supports only non-essential or isolated services. Dependencies are minimal and easily rerouted.",1,IF('IA Criticality Assessment Templ'!B27="2: Moderate - Supports a few important services or systems, but alternatives exist. Failure causes limited service degradation.",2,IF('IA Criticality Assessment Templ'!B27="3: High - Supports several critical services or shared infrastructure functions. Failure disrupts multiple business processes.",3,IF('IA Criticality Assessment Templ'!B27="4: Mission-Critical - Core dependency for mission-critical applications or enterprise-wide functions. Its failure halts multiple essential services simultaneously.",4))))) -> 4 | C3: 12 | D3: =B3*C3/100 -> 0.48
A4: Data Sensitivity | B4: =IF('IA Criticality Assessment Templ'!A29="Score (1-4): Please select from the drop down list.",0,IF('IA Criticality Assessment Templ'!A29="1: Low - Processes non-sensitive data (e.g., public or test data) with no confidentiality or compliance requirements.",1,IF('IA Criticality Assessment Templ'!A29="2: Moderate - Handles internal-use data with limited sensitivity. Unauthorized disclosure would cause minor operational inconvenience.",2,IF('IA Criticality Assessment Templ'!A29="3: High - Processes confidential or restricted data. Compromise could lead to compliance concerns or reputational damage.",3,IF('IA Criticality Assessment Templ'!A29="4: Mission-Critical - Handles highly confidential, regulated, or customer-identifiable data. Breach would result in severe financial, legal, or regulatory consequences.",4))))) -> 3 | C4: 12 | D4: =B4*C4/100 -> 0.36
A5: Redundancy / Failover Capability | B5: =IF('IA Criticality Assessment Templ'!B29="Score (1-4): Please select from the drop down list.",0,IF('IA Criticality Assessment Templ'!B29="1: Low - Fully redundant or highly resilient; multiple failover mechanisms exist. Minimal risk of single point of failure.",1,IF('IA Criticality Assessment Templ'!B29="2: Moderate - Partial redundancy exists; manual intervention required during failover. Short downtime possible.",2,IF('IA Criticality Assessment Templ'!B29="3: High - Limited redundancy; failover options are delayed or not automatic. Outage duration may be moderate.",3,IF('IA Criticality Assessment Templ'!B29="4: Mission-Critical - No redundancy or failover capability. Failure directly results in immediate and total service outage.",4))))) -> 2 | C5: 10 | D5: =B5*C5/100 -> 0.2
A6: Recovery Time Objective (RTO) | B6: =IF('IA Criticality Assessment Templ'!A31="Score (1-4): Please select from the drop down list.",0,IF('IA Criticality Assessment Templ'!A31="1: Low - RTO greater than 48 hours; recovery can be delayed without material impact.",1,IF('IA Criticality Assessment Templ'!A31="2: Moderate - RTO between 8 and 48 hours; short-term disruption acceptable.",2,IF('IA Criticality Assessment Templ'!A31="3: High - RTO between 1 and 8 hours; rapid restoration needed to avoid significant business impact.",3,IF('IA Criticality Assessment Templ'!A31="4: Mission-Critical - RTO less than 1 hour; immediate recovery required to sustain essential operations.",4))))) -> 2 | C6: 10 | D6: =B6*C6/100 -> 0.2
A7: Availability Requirement | B7: =IF('IA Criticality Assessment Templ'!B31="Score (1-4): Please select from the drop down list.",0,IF('IA Criticality Assessment Templ'!B31="1: Low - Availability requirement < 95%. Short downtime acceptable.",1,IF('IA Criticality Assessment Templ'!B31="2: Moderate - Availability requirement between 95%–98%. Occasional outages tolerated.",2,IF('IA Criticality Assessment Templ'!B31="3: High - Availability requirement between 98%–99.9%. Limited maintenance windows allowed.",3,IF('IA Criticality Assessment Templ'!B31="4: Mission-Critical - Availability requirement ≥ 99.9%. Continuous operation required with near-zero tolerance for downtime.",4))))) -> 3 | C7: 10 | D7: =B7*C7/100 -> 0.3
A8: Potential Operational Disruption | B8: =IF('IA Criticality Assessment Templ'!A33="Score (1-4): Please select from the drop down list.",0,IF('IA Criticality Assessment Templ'!A33="1: Low - Minimal operational disturbance. No customer impact or SLA breach.",1,IF('IA Criticality Assessment Templ'!A33="2: Moderate - Limited disruption; minor service delays or performance degradation.",2,IF('IA Criticality Assessment Templ'!A33="3: High - Major operational impact; affects multiple users or departments. Service restoration becomes a priority.",3,IF('IA Criticality Assessment Templ'!A33="4: Mission-Critical - Complete service outage or severe operational breakdown. Business operations severely impacted until recovery.",4))))) -> 4 | C8: 10 | D8: =B8*C8/100 -> 0.4
A9: Regulatory / Compliance Dependency | B9: =IF('IA Criticality Assessment Templ'!B33="Score (1-4): Please select from the drop down list.",0,IF('IA Criticality Assessment Templ'!B33="1: Low - No direct link to regulatory or compliance requirements.",1,IF('IA Criticality Assessment Templ'!B33="2: Moderate - Indirectly supports compliance (e.g., supporting infrastructure for a compliant system).",2,IF('IA Criticality Assessment Templ'!B33="3: High - Directly supports regulated processes or data handling. Non-compliance possible if unavailable.",3,IF('IA Criticality Assessment Templ'!B33="4: Mission-Critical - Essential for maintaining compliance (e.g., audit logging, encryption, or data protection systems). Failure results in immediate non-compliance.",4))))) -> 3 | C9: 11 | D9: =B9*C9/100 -> 0.33
A10: Expouser | B10: =IF('IA Criticality Assessment Templ'!A35="Score (1-4): Please select from the drop down list.",0,IF('IA Criticality Assessment Templ'!A35="1: Low – Internally Accessible Only -Accessible only within the internal network; no external connectivity.",1,IF('IA Criticality Assessment Templ'!A35="2: Moderate – Screened - Limited external access through controlled, secured network zones.",2,IF('IA Criticality Assessment Templ'!A35="3: High – Whitelisted External Access - Externally accessible to specific trusted sources or IPs under strict control.",3,IF('IA Criticality Assessment Templ'!A35="4: Mission-Critical – Publicly Exposed - Publicly or widely accessible over the internet; high exposure risk.",4))))) -> 2 | C10: 10 | D10: =B10*C10/100 -> 0.2
B11: Total Score | D11: =SUM(D2:D10) -> 3.07
B13: Assigned Criticality Level | D13: =IF(D11>=3.5,"Mission-Critical",IF(D11>=2.5,"High",IF(D11>=1.5,"Moderate","Low"))) -> High
