Workbook

Sheet Training Register
A1: [Bank Name] — IT & Cyber Security Training Register | Confidential
A2: # | B2: Training Course | C2: Category | D2: Delivery Mode | E2: Target Audience | F2: Required / Optional | G2: Date Conducted | H2: Trainer / Provider | I2: # Enrolled | J2: # Completed | K2: Completion % | L2: Evidence / Certificate
A4: 1 | B4: SBP ETGRMF Compliance Awareness | C4: IT Governance | D4: Classroom | E4: All IT Staff | F4: Required | G4: [Date] | H4: Internal / CIO | I4: [N] | J4: [N] | K4: =J4/I4 | L4: Attendance sheet
A5: 2 | B5: Cyber Security Awareness (Annual) | C5: Cyber Security | D5: E-Learning | E5: All Staff | F5: Required | G5: [Date] | H5: [Provider Name] | I5: [N] | J5: [N] | K5: =J5/I5 | L5: LMS completion report
A6: 3 | B6: Phishing Simulation Exercise | C6: Cyber Security | D6: Online Simulation | E6: All Staff | F6: Required | G6: [Date] | H6: [Provider Name] | I6: [N] | J6: [N] | K6: =J6/I6 | L6: Simulation report
A7: 4 | B7: CISSP Certification Program | C7: Information Security | D7: External Training | E7: CISO + Security Team | F7: Required | G7: [Date] | H7: [Training Institute] | I7: [N] | J7: [N] | K7: =J7/I7 | L7: Certification copy
A8: 5 | B8: CISA Certification Program | C8: IT Audit | D8: External Training | E8: IT Audit Staff | F8: Required | G8: [Date] | H8: [Training Institute] | I8: [N] | J8: [N] | K8: =J8/I8 | L8: Certification copy
A9: 6 | B9: PMP / PRINCE2 Certification | C9: Project Management | D9: External Training | E9: PMO Staff | F9: Required | G9: [Date] | H9: [Training Institute] | I9: [N] | J9: [N] | K9: =J9/I9 | L9: Certification copy
A10: 7 | B10: COBIT 2019 Foundation | C10: IT Governance | D10: External Training | E10: IT Management | F10: Required | G10: [Date] | H10: [Training Institute] | I10: [N] | J10: [N] | K10: =J10/I10 | L10: Certification copy
A11: 8 | B11: Privileged User Security Training | C11: Information Security | D11: Classroom | E11: Privileged Access Users | F11: Required | G11: [Date] | H11: Internal / CISO | I11: [N] | J11: [N] | K11: =J11/I11 | L11: Attendance sheet
A12: 9 | B12: Cloud Security Fundamentals | C12: Cloud / Infrastructure | D12: E-Learning | E12: IT Ops + Architecture | F12: Required | G12: [Date] | H12: [Provider Name] | I12: [N] | J12: [N] | K12: =J12/I12 | L12: LMS report
A13: 10 | B13: Incident Response Tabletop Exercise | C13: Cyber Security | D13: Workshop | E13: IT + Security + Risk Teams | F13: Required | G13: [Date] | H13: Internal / External | I13: [N] | J13: [N] | K13: =J13/I13 | L13: Exercise report
A14: 11 | B14: Data Protection and Privacy | C14: Compliance | D14: E-Learning | E14: All Staff | F14: Required | G14: [Date] | H14: [Provider Name] | I14: [N] | J14: [N] | K14: =J14/I14 | L14: LMS report
A15: 12 | B15: ITIL 4 Foundation | C15: IT Service Management | D15: External Training | E15: IT Operations | F15: Recommended | G15: [Date] | H15: [Training Institute] | I15: [N] | J15: [N] | K15: =J15/I15 | L15: Certification copy
... A17: 14 | B17: New Technology Induction | C17: Technology | D17: Classroom | E17: Relevant IT Staff | F17: Required | G17: [Date] | H17: Internal | I17: [N] | J17: [N] | K17: =J17/I17 | L17: Attendance sheet

Sheet Summary
A1: [Bank Name] — Training Completion Summary
A2: Category | B2: Total Courses | C2: Required | D2: Optional | E2: Overall Completion
A4: IT Governance | B4: 3 | C4: 3 | D4: 0 | E4: =Training_Register!K4
A5: Cyber Security | B5: 4 | C5: 4 | D5: 0 | E5: =Training_Register!K5
A6: Information Security | B6: 2 | C6: 2 | D6: 0 | E6: =Training_Register!K7
A7: IT Audit | B7: 1 | C7: 1 | D7: 0 | E7: =Training_Register!K8
A8: Project Management | B8: 1 | C8: 1 | D8: 0 | E8: =Training_Register!K9
A9: Cloud / Infrastructure | B9: 1 | C9: 0 | D9: 1 | E9: =Training_Register!K12
A10: Compliance | B10: 1 | C10: 1 | D10: 0 | E10: =Training_Register!K14
A11: Business Continuity | B11: 1 | C11: 1 | D11: 0 | E11: =Training_Register!K16
A12: TOTAL | B12: 14 | C12: 13 | D12: 1 | E12: [Overall %]
